"Name","Win Place","Kill Place","Kills","Bot Kills","Kill Streaks","Headshot Kills","Damage Dealt","Assists","Knocks","Heals","Boosts","Death Type","Revives","Team Kills","Longest Kill","Weapons Acquired","Time Survived","Distance Traveled ","Walk Distance ","Ride Distance ","Swim Distance ","Team Name"
"llLordSparkll","1","8","1","0","1","1","168.75708","1","1","4","4","byplayer","1","0","112.385506","9","1515","6310.178","2932.9734","3377.2046","-","1-llLordSparkll-vim_do_lite-koszz-Oboneco"
"vim_do_lite","1","1","4","0","1","0","473.21146","2","2","7","2","alive","0","0","290.24182","10","1559","6392.1599","3349.7634","3042.3965","-","1-llLordSparkll-vim_do_lite-koszz-Oboneco"
"koszz","1","2","3","0","1","1","330.4505","0","3","5","7","alive","2","0","313.02856","7","1559","5721.113","3129.041","2592.072","-","1-llLordSparkll-vim_do_lite-koszz-Oboneco"
"Oboneco","1","17","0","0","0","0","85.54527","1","0","3","5","byplayer","1","0","-","15","1192","1662.12448","393.10608","1269.0184","-","1-llLordSparkll-vim_do_lite-koszz-Oboneco"
"STRAT_FPS","2","6","2","0","2","1","273.34665","0","3","7","3","byplayer","0","0","11.995567","11","1483","7943.698","1897.703","6045.995","-","2-STRAT_FPS-AllbertWesker-MESTRE-MCS-Master_CTA"
"AllbertWesker","2","5","2","0","1","0","229.70538","0","1","2","8","byzone","0","0","283.04477","9","1552","7283.2354","1285.1631","5998.0723","-","2-STRAT_FPS-AllbertWesker-MESTRE-MCS-Master_CTA"
"MESTRE-MCS","2","18","0","0","0","0","264.88873","1","1","0","1","byplayer","1","0","-","10","1325","6895.22026","943.91266","5951.3076","-","2-STRAT_FPS-AllbertWesker-MESTRE-MCS-Master_CTA"
"Master_CTA","2","4","2","0","1","0","415.34714","1","2","6","9","byplayer","0","0","67.547775","12","1556","8460.4793","1584.6829","6875.7964","-","2-STRAT_FPS-AllbertWesker-MESTRE-MCS-Master_CTA"
"0_justiceiro","3","7","2","0","2","2","541.85223","1","1","4","2","byplayer","0","0","125.63807","13","1469","3663.5425","3663.5425","-","-","3-0_justiceiro-Alex-Lives-PIRATA_FPS-SargentoPE"
"Alex-Lives","3","19","0","0","0","0","125.449974","1","0","0","5","byplayer","0","0","-","10","1471","3317.7532","3317.7532","-","-","3-0_justiceiro-Alex-Lives-PIRATA_FPS-SargentoPE"
"PIRATA_FPS","3","10","1","0","1","0","154.6362","1","2","0","0","byzone","0","0","206.12946","11","1344","3781.0042","2500.5867","1280.4175","-","3-0_justiceiro-Alex-Lives-PIRATA_FPS-SargentoPE"
"SargentoPE","3","9","1","0","1","0","302.58105","0","1","4","6","byplayer","0","0","59.440792","9","1492","3348.099","3348.099","-","-","3-0_justiceiro-Alex-Lives-PIRATA_FPS-SargentoPE"
"AdriMau","4","3","3","0","1","1","284.28006","2","1","1","7","byplayer","0","0","108.180626","8","1323","1225.8098","1005.11","220.6998","-","4-AdriMau-Perobande-Perobinha-xJMaRcox"
"Perobande","4","11","1","0","1","0","333.77625","1","1","8","5","byplayer","0","0","172.44673","10","1392","1901.1256","1389.2227","511.9029","-","4-AdriMau-Perobande-Perobinha-xJMaRcox"
"Perobinha","4","12","1","0","1","0","198.311","1","1","2","8","byplayer","0","0","462.1859","11","1392","1855.7808","1017.6622","838.1186","-","4-AdriMau-Perobande-Perobinha-xJMaRcox"
"xJMaRcox","4","13","1","0","1","0","117.90685","1","2","1","0","byplayer","1","0","9.530836","10","962","650.43756","650.43756","-","-","4-AdriMau-Perobande-Perobinha-xJMaRcox"
"PrivacKadall","5","22","0","0","0","0","108.53056","0","0","6","10","byplayer","0","0","-","8","1302","4137.6723","2047.4883","2090.184","-","5-PrivacKadall-Spawnsbg-nAsty--AnDreviZ"
"Spawnsbg","5","14","1","0","1","0","75.55591","0","1","1","8","byplayer","1","0","14.682976","13","1338","2809.4172","1084.7402","1724.677","-","5-PrivacKadall-Spawnsbg-nAsty--AnDreviZ"
"nAsty-","5","20","0","0","0","0","360.0363","1","1","1","9","byplayer","0","0","-","9","1333","4181.6246","1161.3839","3020.2407","-","5-PrivacKadall-Spawnsbg-nAsty--AnDreviZ"
"AnDreviZ","5","21","0","0","0","0","33.6","0","0","1","3","byplayer","1","0","-","9","1304","4048.1469","598.4526","3449.6943","-","5-PrivacKadall-Spawnsbg-nAsty--AnDreviZ"
"XxWarlockLFxX","6","24","0","0","0","0","51.94867","0","0","4","7","byplayer","0","0","-","7","1297","4827.077","2085.762","2741.315","-","6-XxWarlockLFxX-S33NT7-TEXAS3006"
"S33NT7","6","23","0","0","0","0","13.460843","0","0","1","4","byplayer","0","0","-","13","1297","4933.08856","2174.2969","2685.8975","72.89416","6-XxWarlockLFxX-S33NT7-TEXAS3006"
"TEXAS3006","6","25","0","0","0","0","58.35547","0","0","0","7","byplayer","0","0","-","10","1188","4086.125963","1802.7383","2267.1248","16.262863","6-XxWarlockLFxX-S33NT7-TEXAS3006"
"Reczigel","7","27","0","0","0","0","0","0","1","1","5","suicide","0","0","-","10","1234","4472.6221","2236.0017","2236.6204","-","7-Reczigel-CAPIVARA-CALVA"
"CAPIVARA-CALVA","7","26","0","0","0","0","0","0","0","0","4","byplayer","0","0","-","9","1234","4907.7115","2677.6665","2230.045","-","7-Reczigel-CAPIVARA-CALVA"
"Ibuprofeno_800mg","8","29","0","0","0","0","100","0","1","2","2","byplayer","0","0","-","10","883","4301.6322","1159.9684","3141.6638","-","8-Ibuprofeno_800mg-MAGO12K-Ypnus-M4T4_BOI"
"MAGO12K","8","30","0","0","0","0","22.68","0","0","0","1","byplayer","0","0","-","7","880","3720.82524","456.40454","3264.4207","-","8-Ibuprofeno_800mg-MAGO12K-Ypnus-M4T4_BOI"
"Ypnus","8","15","1","0","1","0","94.746056","0","1","4","3","byplayer","0","0","0.8481503","6","974","4490.9729","833.7179","3657.255","-","8-Ibuprofeno_800mg-MAGO12K-Ypnus-M4T4_BOI"
"M4T4_BOI","8","28","0","0","0","0","50.729523","0","0","0","5","byplayer","0","0","-","8","902","3898.5826","780.1676","3118.415","-","8-Ibuprofeno_800mg-MAGO12K-Ypnus-M4T4_BOI"
